country,date,cumulative,new,relative
Belgium,1/22/20,0,0,0
Belgium,1/23/20,0,0,0
Belgium,1/24/20,0,0,0
Belgium,1/25/20,0,0,0
Belgium,1/26/20,0,0,0
Belgium,1/27/20,0,0,0
Belgium,1/28/20,0,0,0
Belgium,1/29/20,0,0,0
Belgium,1/30/20,0,0,0
Belgium,1/31/20,0,0,0
Belgium,2/1/20,0,0,0
Belgium,2/2/20,0,0,0
Belgium,2/3/20,0,0,0
Belgium,2/4/20,1,1,0
Belgium,2/5/20,1,0,0
Belgium,2/6/20,1,0,0
Belgium,2/7/20,1,0,0
Belgium,2/8/20,1,0,0
Belgium,2/9/20,1,0,0
Belgium,2/10/20,1,0,0
Belgium,2/11/20,1,0,0
Belgium,2/12/20,1,0,0
Belgium,2/13/20,1,0,0
Belgium,2/14/20,1,0,0
Belgium,2/15/20,1,0,0
Belgium,2/16/20,1,0,0
Belgium,2/17/20,1,0,0
Belgium,2/18/20,1,0,0
Belgium,2/19/20,1,0,0
Belgium,2/20/20,1,0,0
Belgium,2/21/20,1,0,0
Belgium,2/22/20,1,0,0
Belgium,2/23/20,1,0,0
Belgium,2/24/20,1,0,0
Belgium,2/25/20,1,0,0
Belgium,2/26/20,1,0,0
Belgium,2/27/20,1,0,0
Belgium,2/28/20,1,0,0
Belgium,2/29/20,1,0,0
Belgium,3/1/20,2,1,0
Belgium,3/2/20,8,6,0
Belgium,3/3/20,13,5,0
Belgium,3/4/20,23,10,0
Belgium,3/5/20,50,27,0
Belgium,3/6/20,109,59,0
Belgium,3/7/20,169,60,0
Belgium,3/8/20,200,31,1
Belgium,3/9/20,239,39,1
Belgium,3/10/20,267,28,2
Belgium,3/11/20,314,47,2
Belgium,3/12/20,314,0,2
Belgium,3/13/20,559,245,2
Belgium,3/14/20,689,130,3
Belgium,3/15/20,886,197,4
Belgium,3/16/20,1058,172,5
Belgium,3/17/20,1243,185,7
Belgium,3/18/20,1486,243,8
Belgium,3/19/20,1795,309,10
Belgium,3/20/20,2257,462,12
Belgium,3/21/20,2815,558,14
Belgium,3/22/20,3401,586,18
Belgium,3/23/20,3743,342,21
Belgium,3/24/20,4269,526,23
Belgium,3/25/20,4937,668,26
Belgium,3/26/20,6235,1298,30
Belgium,3/27/20,7284,1049,38
Belgium,3/28/20,9134,1850,43
Belgium,3/29/20,10836,1702,55
Belgium,3/30/20,11899,1063,64
Belgium,3/31/20,12775,876,71
Belgium,4/1/20,13964,1189,74
Belgium,4/2/20,15348,1384,78
Belgium,4/3/20,16770,1422,79
Belgium,4/4/20,18431,1661,82
Belgium,4/5/20,19691,1260,80
Belgium,4/6/20,20814,1123,77
Belgium,4/7/20,22194,1380,77
Belgium,4/8/20,23403,1209,82
Belgium,4/9/20,24983,1580,82
Belgium,4/10/20,26667,1684,83
Belgium,4/11/20,28018,1351,86
Belgium,4/12/20,29647,1629,83
Belgium,4/13/20,30589,942,86
Belgium,4/14/20,31119,530,85
Belgium,4/15/20,33573,2454,77
Belgium,4/16/20,34809,1236,88
Belgium,4/17/20,36138,1329,85
Belgium,4/18/20,37183,1045,82
Belgium,4/19/20,38496,1313,79
Belgium,4/20/20,39983,1487,77
Belgium,4/21/20,40956,973,81
Belgium,4/22/20,41889,933,85
Belgium,4/23/20,42797,908,72
Belgium,4/24/20,44293,1496,69
Belgium,4/25/20,45325,1032,71
Belgium,4/26/20,46134,809,70
Belgium,4/27/20,46687,553,66
Belgium,4/28/20,47334,647,58
Belgium,4/29/20,47859,525,55
Belgium,4/30/20,48519,660,51
Belgium,5/1/20,49032,513,49
Belgium,5/2/20,49517,485,41
Belgium,5/3/20,49906,389,36
Belgium,5/4/20,50267,361,32
Belgium,5/5/20,50509,242,31
Belgium,5/6/20,50781,272,27
Belgium,5/7/20,51420,639,25
Belgium,5/8/20,52011,591,25
Belgium,5/9/20,52596,585,25
Belgium,5/10/20,53081,485,26
Belgium,5/11/20,53449,368,27
Belgium,5/12/20,53779,330,27
Belgium,5/13/20,53981,202,28
Belgium,5/14/20,54288,307,27
Belgium,5/15/20,54644,356,24
Belgium,5/16/20,54989,345,22
Belgium,5/17/20,55280,291,20
Belgium,5/18/20,55559,279,19
Belgium,5/19/20,55791,232,18
Belgium,5/20/20,55983,192,17
Belgium,5/21/20,56235,252,17
Belgium,5/22/20,56511,276,16
Belgium,5/23/20,56810,299,16
Belgium,5/24/20,57092,282,15
Belgium,5/25/20,57342,250,15
Belgium,5/26/20,57455,113,15
Belgium,5/27/20,57592,137,14
Belgium,5/28/20,57849,257,14
Belgium,5/29/20,58061,212,14
Belgium,5/30/20,58186,125,13
Belgium,5/31/20,58381,195,11
Belgium,6/1/20,58517,136,11
Belgium,6/2/20,58615,98,10
Belgium,6/3/20,58685,70,10
Belgium,6/4/20,58767,82,9
Belgium,6/5/20,58907,140,7
Belgium,6/6/20,59072,165,7
Belgium,6/7/20,59226,154,7
Belgium,6/8/20,59348,122,7
Belgium,6/9/20,59437,89,7
Belgium,6/10/20,59569,132,7
Belgium,6/11/20,59711,142,7
Belgium,6/12/20,59819,108,8
Belgium,6/13/20,59918,99,7
Belgium,6/14/20,60029,111,7
Belgium,6/15/20,60100,71,6
Belgium,6/16/20,60155,55,6
Belgium,6/17/20,60244,89,6
Belgium,6/18/20,60348,104,5
Belgium,6/19/20,60476,128,5
Belgium,6/20/20,60550,74,5
Belgium,6/21/20,60550,0,5
Belgium,6/22/20,60550,0,4
Belgium,6/23/20,60810,260,3
Belgium,6/24/20,60898,88,5
Belgium,6/25/20,61007,109,5
Belgium,6/26/20,61106,99,5
Belgium,6/27/20,61209,103,5
Belgium,6/28/20,61295,86,5
Belgium,6/29/20,61361,66,6
Belgium,6/30/20,61427,66,7
Belgium,7/1/20,61509,82,5
Belgium,7/2/20,61598,89,5
Belgium,7/3/20,61727,129,5
Belgium,7/4/20,61838,111,5
Belgium,7/5/20,62016,178,5
Belgium,7/6/20,62058,42,6
Belgium,7/7/20,62058,0,6
Belgium,7/8/20,62123,65,5
Belgium,7/9/20,62210,87,5
Belgium,7/10/20,62357,147,5
Belgium,7/11/20,62469,112,5
Belgium,7/12/20,62707,238,5
Belgium,7/13/20,62707,0,6
Belgium,7/14/20,62781,74,5
Belgium,7/15/20,62872,91,6
Belgium,7/16/20,63238,366,6
Belgium,7/17/20,63499,261,8
Belgium,7/18/20,63706,207,9
Belgium,7/19/20,63706,0,10
Belgium,7/20/20,64094,388,8
Belgium,7/21/20,64258,164,12
Belgium,7/22/20,64627,369,12
Belgium,7/23/20,64847,220,15
Belgium,7/24/20,65199,352,14
Belgium,7/25/20,65727,528,14
Belgium,7/26/20,66026,299,17
Belgium,7/27/20,66428,402,20
Belgium,7/28/20,66662,234,20
Belgium,7/29/20,67335,673,20
Belgium,7/30/20,68006,671,23
Belgium,7/31/20,68751,745,27
Belgium,8/1/20,69402,651,30
Belgium,8/2/20,69849,447,32
Belgium,8/3/20,70314,465,33
Belgium,8/4/20,70648,334,33
Belgium,8/5/20,71158,510,34
Belgium,8/6/20,72016,858,33
Belgium,8/7/20,72784,768,34
Belgium,8/8/20,73401,617,35
Belgium,8/9/20,74152,751,34
Belgium,8/10/20,74620,468,37
Belgium,8/11/20,75008,388,37
Belgium,8/12/20,75647,639,37
Belgium,8/13/20,76191,544,39
Belgium,8/14/20,77113,922,36
Belgium,8/15/20,77869,756,37
Belgium,8/16/20,78323,454,38
Belgium,8/17/20,78534,211,36
Belgium,8/18/20,78897,363,34
Belgium,8/19/20,79479,582,33
Belgium,8/20/20,80178,699,33
Belgium,8/21/20,80894,716,34
Belgium,8/22/20,81468,574,32
Belgium,8/23/20,81936,468,31
Belgium,8/24/20,82092,156,31
Belgium,8/25/20,82447,355,30
Belgium,8/26/20,83030,583,30
Belgium,8/27/20,83500,470,30
Belgium,8/28/20,83952,452,28
Belgium,8/29/20,84599,647,26
Belgium,8/30/20,85042,443,27
Belgium,8/31/20,85236,194,27
Belgium,9/1/20,85487,251,27
Belgium,9/2/20,85911,424,26
Belgium,9/3/20,86544,633,25
Belgium,9/4/20,87174,630,26
Belgium,9/5/20,87825,651,28
Belgium,9/6/20,88367,542,28
Belgium,9/7/20,88769,402,28
Belgium,9/8/20,89141,372,30
Belgium,9/9/20,89691,550,31
Belgium,9/10/20,90568,877,32
Belgium,9/11/20,91537,969,35
Belgium,9/12/20,92478,941,37
Belgium,9/13/20,93455,977,40
Belgium,9/14/20,94306,851,44
Belgium,9/15/20,94795,489,48
Belgium,9/16/20,95948,1153,49
Belgium,9/17/20,97976,2028,54
Belgium,9/18/20,99649,1673,64
Belgium,9/19/20,100748,1099,70
Belgium,9/20/20,102295,1547,72
Belgium,9/21/20,103392,1097,76
Belgium,9/22/20,105226,1834,79
Belgium,9/23/20,106887,1661,90
Belgium,9/24/20,108768,1881,95
Belgium,9/25/20,110976,2208,93
Belgium,9/26/20,112803,1827,98
Belgium,9/27/20,114179,1376,104
Belgium,9/28/20,115353,1174,103
Belgium,9/29/20,117115,1762,104
Belgium,9/30/20,118452,1337,103
Belgium,10/1/20,121059,2607,100
Belgium,10/2/20,124234,3175,107
Belgium,10/3/20,127623,3389,115
Belgium,10/4/20,130235,2612,129
Belgium,10/5/20,132203,1968,139
Belgium,10/6/20,134291,2088,146
Belgium,10/7/20,137868,3577,149
Belgium,10/8/20,143596,5728,169
Belgium,10/9/20,148981,5385,196
Belgium,10/10/20,156931,7950,215
Belgium,10/11/20,162258,5327,255
Belgium,10/12/20,165880,3622,278
Belgium,10/13/20,173240,7360,293
Belgium,10/14/20,181511,8271,339
Belgium,10/15/20,191959,10448,380
Belgium,10/16/20,202151,10192,421
Belgium,10/17/20,213115,10964,462
Belgium,10/18/20,222253,9138,489
Belgium,10/19/20,230480,8227,522
Belgium,10/20/20,240159,9679,562
Belgium,10/21/20,253386,13227,582
Belgium,10/22/20,270132,16746,625
Belgium,10/23/20,287700,17568,680
Belgium,10/24/20,305409,17709,744
Belgium,10/25/20,321031,15622,803
Belgium,10/26/20,333718,12687,860
Belgium,10/27/20,347289,13571,898
Belgium,10/28/20,368337,21048,932
Belgium,10/29/20,392258,23921,1000
Belgium,10/30/20,412314,20056,1063
Belgium,10/31/20,429229,16915,1085
Belgium,11/1/20,441018,11789,1078
Belgium,11/2/20,447355,6337,1044
Belgium,11/3/20,452541,5186,989
Belgium,11/4/20,468213,15672,916
Belgium,11/5/20,479341,11128,869
Belgium,11/6/20,488044,8703,758
Belgium,11/7/20,494168,6124,659
Belgium,11/8/20,500789,6621,565
Belgium,11/9/20,503182,2393,520
Belgium,11/10/20,507475,4293,486
Belgium,11/11/20,515391,7916,478
Belgium,11/12/20,520393,5002,410
Belgium,11/13/20,525012,4619,357
Belgium,11/14/20,531280,6268,321
Belgium,11/15/20,535939,4659,323
Belgium,11/16/20,537871,1932,306
Belgium,11/17/20,540605,2734,302
Belgium,11/18/20,545787,5182,288
Belgium,11/19/20,550264,4477,264
Belgium,11/20/20,553680,3416,260
Belgium,11/21/20,556904,3224,249
Belgium,11/22/20,558779,1875,223
Belgium,11/23/20,559902,1123,198
Belgium,11/24/20,561803,1901,191
Belgium,11/25/20,564967,3164,184
Belgium,11/26/20,567532,2565,167
Belgium,11/27/20,570829,3297,150
Belgium,11/28/20,574448,3619,149
Belgium,11/29/20,576599,2151,152
Belgium,11/30/20,577345,746,155
Belgium,12/1/20,579212,1867,151
Belgium,12/2/20,582252,3040,151
Belgium,12/3/20,584857,2605,150
Belgium,12/4/20,587439,2582,150
Belgium,12/5/20,589942,2503,144
Belgium,12/6/20,591756,1814,134
Belgium,12/7/20,592615,859,131
Belgium,12/8/20,594572,1957,132
Belgium,12/9/20,597643,3071,133
Belgium,12/10/20,600397,2754,134
Belgium,12/11/20,600397,0,135
Belgium,12/12/20,603159,2762,112
Belgium,12/13/20,608137,4978,115
Belgium,12/14/20,609211,1074,142
Belgium,12/15/20,611422,2211,144
Belgium,12/16/20,615058,3636,146
Belgium,12/17/20,618204,3146,151
Belgium,12/18/20,621039,2835,155
Belgium,12/19/20,623760,2721,179
Belgium,12/20/20,625930,2170,179
Belgium,12/21/20,626911,981,154
Belgium,12/22/20,629109,2198,154
Belgium,12/23/20,632321,3212,154
Belgium,12/24/20,634904,2583,150
Belgium,12/25/20,637246,2342,145
Belgium,12/26/20,638030,784,141
Belgium,12/27/20,638877,847,124
Belgium,12/28/20,639734,857,112
Belgium,12/29/20,641411,1677,111
Belgium,12/30/20,644242,2831,107
Belgium,12/31/20,646496,2254,103
Belgium,1/1/21,648289,1793,100
Belgium,1/2/21,649169,880,96
Belgium,1/3/21,650011,842,96
Belgium,1/4/21,650887,876,96
Belgium,1/5/21,652735,1848,97
Belgium,1/6/21,655732,2997,98
Belgium,1/7/21,658655,2923,100
Belgium,1/8/21,660703,2048,105
Belgium,1/9/21,662694,1991,108
Belgium,1/10/21,664263,1569,117
Belgium,1/11/21,665223,960,124
Belgium,1/12/21,667322,2099,124
Belgium,1/13/21,670249,2927,127
Belgium,1/14/21,672886,2637,126
Belgium,1/15/21,675089,2203,123
Belgium,1/16/21,677209,2120,125
Belgium,1/17/21,678839,1630,126
Belgium,1/18/21,679771,932,126
Belgium,1/19/21,681250,1479,126
Belgium,1/20/21,684256,3006,121
Belgium,1/21/21,686827,2571,121
Belgium,1/22/21,689271,2444,121
Belgium,1/23/21,691854,2583,123
Belgium,1/24/21,693666,1812,127
Belgium,1/25/21,694858,1192,129
Belgium,1/26/21,696642,1784,131
Belgium,1/27/21,699662,3020,134
Belgium,1/28/21,702437,2775,134
Belgium,1/29/21,705120,2683,135
Belgium,1/30/21,707837,2717,138
Belgium,1/31/21,710153,2316,139
Belgium,2/1/21,711417,1264,143
Belgium,2/2/21,713271,1854,144
Belgium,2/3/21,716395,3124,144
Belgium,2/4/21,718847,2452,145
Belgium,2/5/21,721432,2585,142
Belgium,2/6/21,723870,2438,142
Belgium,2/7/21,725610,1740,139
Germany,1/22/20,0,0,0
Germany,1/23/20,0,0,0
Germany,1/24/20,0,0,0
Germany,1/25/20,0,0,0
Germany,1/26/20,0,0,0
Germany,1/27/20,1,1,0
Germany,1/28/20,4,3,0
Germany,1/29/20,4,0,0
Germany,1/30/20,4,0,0
Germany,1/31/20,5,1,0
Germany,2/1/20,8,3,0
Germany,2/2/20,10,2,0
Germany,2/3/20,12,2,0
Germany,2/4/20,12,0,0
Germany,2/5/20,12,0,0
Germany,2/6/20,12,0,0
Germany,2/7/20,13,1,0
Germany,2/8/20,13,0,0
Germany,2/9/20,14,1,0
Germany,2/10/20,14,0,0
Germany,2/11/20,16,2,0
Germany,2/12/20,16,0,0
Germany,2/13/20,16,0,0
Germany,2/14/20,16,0,0
Germany,2/15/20,16,0,0
Germany,2/16/20,16,0,0
Germany,2/17/20,16,0,0
Germany,2/18/20,16,0,0
Germany,2/19/20,16,0,0
Germany,2/20/20,16,0,0
Germany,2/21/20,16,0,0
Germany,2/22/20,16,0,0
Germany,2/23/20,16,0,0
Germany,2/24/20,16,0,0
Germany,2/25/20,17,1,0
Germany,2/26/20,27,10,0
Germany,2/27/20,46,19,0
Germany,2/28/20,48,2,0
Germany,2/29/20,79,31,0
Germany,3/1/20,130,51,0
Germany,3/2/20,159,29,0
Germany,3/3/20,196,37,0
Germany,3/4/20,262,66,0
Germany,3/5/20,482,220,0
Germany,3/6/20,670,188,0
Germany,3/7/20,799,129,0
Germany,3/8/20,1040,241,0
Germany,3/9/20,1176,136,1
Germany,3/10/20,1457,281,1
Germany,3/11/20,1908,451,1
Germany,3/12/20,2078,170,1
Germany,3/13/20,3675,1597,1
Germany,3/14/20,4585,910,3
Germany,3/15/20,5795,1210,4
Germany,3/16/20,7272,1477,5
Germany,3/17/20,9257,1985,7
Germany,3/18/20,12327,3070,9
Germany,3/19/20,15320,2993,12
Germany,3/20/20,19848,4528,15
Germany,3/21/20,22213,2365,19
Germany,3/22/20,24873,2660,21
Germany,3/23/20,29056,4183,22
Germany,3/24/20,32986,3930,26
Germany,3/25/20,37323,4337,28
Germany,3/26/20,43938,6615,30
Germany,3/27/20,50871,6933,34
Germany,3/28/20,57695,6824,37
Germany,3/29/20,62095,4400,42
Germany,3/30/20,66885,4790,44
Germany,3/31/20,71808,4923,45
Germany,4/1/20,77872,6064,46
Germany,4/2/20,84794,6922,48
Germany,4/3/20,91159,6365,49
Germany,4/4/20,96092,4933,48
Germany,4/5/20,100123,4031,46
Germany,4/6/20,103374,3251,45
Germany,4/7/20,107663,4289,43
Germany,4/8/20,113296,5633,43
Germany,4/9/20,118181,4885,42
Germany,4/10/20,122171,3990,40
Germany,4/11/20,124908,2737,37
Germany,4/12/20,127854,2946,34
Germany,4/13/20,130072,2218,33
Germany,4/14/20,131359,1287,32
Germany,4/15/20,134753,3394,28
Germany,4/16/20,137698,2945,25
Germany,4/17/20,141397,3699,23
Germany,4/18/20,143342,1945,23
Germany,4/19/20,145184,1842,22
Germany,4/20/20,147065,1881,20
Germany,4/21/20,148291,1226,20
Germany,4/22/20,150648,2357,20
Germany,4/23/20,153129,2481,19
Germany,4/24/20,154999,1870,18
Germany,4/25/20,156513,1514,16
Germany,4/26/20,157770,1257,15
Germany,4/27/20,158758,988,15
Germany,4/28/20,159912,1154,14
Germany,4/29/20,161539,1627,13
Germany,4/30/20,163009,1470,13
Germany,5/1/20,164077,1068,11
Germany,5/2/20,164967,890,10
Germany,5/3/20,165664,697,10
Germany,5/4/20,166152,488,9
Germany,5/5/20,167007,855,8
Germany,5/6/20,168162,1155,8
Germany,5/7/20,169430,1268,7
Germany,5/8/20,170588,1158,7
Germany,5/9/20,171324,736,7
Germany,5/10/20,171879,555,7
Germany,5/11/20,172576,697,7
Germany,5/12/20,173171,595,7
Germany,5/13/20,174098,927,7
Germany,5/14/20,174478,380,7
Germany,5/15/20,175233,755,6
Germany,5/16/20,175752,519,5
Germany,5/17/20,176369,617,5
Germany,5/18/20,176551,182,5
Germany,5/19/20,177778,1227,4
Germany,5/20/20,178473,695,5
Germany,5/21/20,179021,548,5
Germany,5/22/20,179710,689,5
Germany,5/23/20,179986,276,5
Germany,5/24/20,180328,342,5
Germany,5/25/20,180600,272,4
Germany,5/26/20,181200,600,4
Germany,5/27/20,181524,324,4
Germany,5/28/20,182196,672,3
Germany,5/29/20,182922,726,3
Germany,5/30/20,183189,267,3
Germany,5/31/20,183410,221,3
Germany,6/1/20,183594,184,3
Germany,6/2/20,183879,285,3
Germany,6/3/20,184121,242,3
Germany,6/4/20,184472,351,3
Germany,6/5/20,184924,452,2
Germany,6/6/20,185450,526,2
Germany,6/7/20,185750,300,2
Germany,6/8/20,186109,359,2
Germany,6/9/20,186506,397,3
Germany,6/10/20,186522,16,3
Germany,6/11/20,186691,169,2
Germany,6/12/20,187226,535,2
Germany,6/13/20,187267,41,2
Germany,6/14/20,187518,251,2
Germany,6/15/20,187682,164,2
Germany,6/16/20,188252,570,1
Germany,6/17/20,188604,352,2
Germany,6/18/20,189817,1213,2
Germany,6/19/20,190299,482,3
Germany,6/20/20,190670,371,3
Germany,6/21/20,191272,602,4
Germany,6/22/20,191768,496,4
Germany,6/23/20,192480,712,4
Germany,6/24/20,192871,391,5
Germany,6/25/20,193371,500,5
Germany,6/26/20,194036,665,4
Germany,6/27/20,194458,422,4
Germany,6/28/20,194693,235,4
Germany,6/29/20,195042,349,4
Germany,6/30/20,195418,376,3
Germany,7/1/20,195893,475,3
Germany,7/2/20,196370,477,3
Germany,7/3/20,196780,410,3
Germany,7/4/20,197198,418,3
Germany,7/5/20,197523,325,3
Germany,7/6/20,198064,541,3
Germany,7/7/20,198343,279,3
Germany,7/8/20,198699,356,3
Germany,7/9/20,199001,302,3
Germany,7/10/20,199332,331,3
Germany,7/11/20,199709,377,3
Germany,7/12/20,199919,210,3
Germany,7/13/20,200180,261,2
Germany,7/14/20,200456,276,2
Germany,7/15/20,200890,434,2
Germany,7/16/20,201450,560,2
Germany,7/17/20,202045,595,2
Germany,7/18/20,202426,381,3
Germany,7/19/20,202735,309,3
Germany,7/20/20,203325,590,3
Germany,7/21/20,203717,392,3
Germany,7/22/20,204276,559,3
Germany,7/23/20,204881,605,4
Germany,7/24/20,205623,742,4
Germany,7/25/20,206278,655,4
Germany,7/26/20,206667,389,4
Germany,7/27/20,207112,445,4
Germany,7/28/20,207707,595,4
Germany,7/29/20,208546,839,4
Germany,7/30/20,209535,989,5
Germany,7/31/20,210399,864,5
Germany,8/1/20,211005,606,5
Germany,8/2/20,211220,215,5
Germany,8/3/20,212111,891,5
Germany,8/4/20,212828,717,6
Germany,8/5/20,214113,1285,6
Germany,8/6/20,215039,926,6
Germany,8/7/20,216196,1157,6
Germany,8/8/20,216903,707,6
Germany,8/9/20,217288,385,7
Germany,8/10/20,218508,1220,7
Germany,8/11/20,219540,1032,7
Germany,8/12/20,220859,1319,8
Germany,8/13/20,222281,1422,8
Germany,8/14/20,223791,1510,8
Germany,8/15/20,224488,697,9
Germany,8/16/20,225007,519,9
Germany,8/17/20,226700,1693,9
Germany,8/18/20,228120,1420,9
Germany,8/19/20,229706,1586,10
Germany,8/20/20,231292,1586,10
Germany,8/21/20,233029,1737,10
Germany,8/22/20,233861,832,11
Germany,8/23/20,234494,633,11
Germany,8/24/20,236122,1628,11
Germany,8/25/20,237583,1461,11
Germany,8/26/20,239010,1427,11
Germany,8/27/20,240571,1561,11
Germany,8/28/20,242126,1555,11
Germany,8/29/20,242835,709,10
Germany,8/30/20,243305,470,10
Germany,8/31/20,244802,1497,10
Germany,9/1/20,246015,1213,10
Germany,9/2/20,247411,1396,10
Germany,9/3/20,248840,1429,10
Germany,9/4/20,250283,1443,9
Germany,9/5/20,251058,775,9
Germany,9/6/20,251728,670,9
Germany,9/7/20,253626,1898,10
Germany,9/8/20,254957,1331,10
Germany,9/9/20,256433,1476,10
Germany,9/10/20,258149,1716,10
Germany,9/11/20,259735,1586,11
Germany,9/12/20,260817,1082,11
Germany,9/13/20,261737,920,11
Germany,9/14/20,263222,1485,12
Germany,9/15/20,265014,1792,11
Germany,9/16/20,266869,1855,12
Germany,9/17/20,269048,2179,12
Germany,9/18/20,271247,2199,13
Germany,9/19/20,272932,1685,13
Germany,9/20/20,273965,1033,14
Germany,9/21/20,275560,1595,14
Germany,9/22/20,277412,1852,14
Germany,9/23/20,279025,1613,14
Germany,9/24/20,281346,2321,14
Germany,9/25/20,283712,2366,14
Germany,9/26/20,285026,1314,14
Germany,9/27/20,286339,1313,14
Germany,9/28/20,288631,2292,14
Germany,9/29/20,290471,1840,15
Germany,9/30/20,292913,2442,15
Germany,10/1/20,295539,2626,16
Germany,10/2/20,298374,2835,17
Germany,10/3/20,300027,1653,17
Germany,10/4/20,301573,1546,18
Germany,10/5/20,304673,3100,18
Germany,10/6/20,307127,2454,19
Germany,10/7/20,311137,4010,20
Germany,10/8/20,315941,4804,21
Germany,10/9/20,320495,4554,24
Germany,10/10/20,323463,2968,26
Germany,10/11/20,326309,2846,28
Germany,10/12/20,332850,6541,29
Germany,10/13/20,337314,4464,33
Germany,10/14/20,344487,7173,36
Germany,10/15/20,352107,7620,40
Germany,10/16/20,359802,7695,43
Germany,10/17/20,364664,4862,47
Germany,10/18/20,368671,4007,49
Germany,10/19/20,377068,8397,50
Germany,10/20/20,385591,8523,53
Germany,10/21/20,397922,12331,58
Germany,10/22/20,403874,5952,64
Germany,10/23/20,417350,13476,62
Germany,10/24/20,427808,10458,69
Germany,10/25/20,437698,9890,75
Germany,10/26/20,450258,12560,83
Germany,10/27/20,463419,13161,88
Germany,10/28/20,479621,16202,93
Germany,10/29/20,498354,18733,98
Germany,10/30/20,517736,19382,113
Germany,10/31/20,531790,14054,120
Germany,11/1/20,544346,12556,125
Germany,11/2/20,569598,25252,128
Germany,11/3/20,577131,7533,143
Germany,11/4/20,608611,31480,136
Germany,11/5/20,631172,22561,155
Germany,11/6/20,653992,22820,159
Germany,11/7/20,668114,14122,163
Germany,11/8/20,682624,14510,163
Germany,11/9/20,689146,6522,166
Germany,11/10/20,715693,26547,143
Germany,11/11/20,738094,22401,166
Germany,11/12/20,762832,24738,155
Germany,11/13/20,785093,22261,158
Germany,11/14/20,799733,14640,157
Germany,11/15/20,802946,3213,158
Germany,11/16/20,817526,14580,144
Germany,11/17/20,843757,26231,154
Germany,11/18/20,867484,23727,154
Germany,11/19/20,891525,24041,155
Germany,11/20/20,914118,22593,154
Germany,11/21/20,927990,13872,155
Germany,11/22/20,932367,4377,154
Germany,11/23/20,946822,14455,155
Germany,11/24/20,963192,16370,155
Germany,11/25/20,995879,32687,143
Germany,11/26/20,1017830,21951,154
Germany,11/27/20,1038649,20819,151
Germany,11/28/20,1052494,13845,149
Germany,11/29/20,1055691,3197,149
Germany,11/30/20,1069912,14221,148
Germany,12/1/20,1094678,24766,148
Germany,12/2/20,1117953,23275,158
Germany,12/3/20,1141544,23591,146
Germany,12/4/20,1157514,15970,148
Germany,12/5/20,1183640,26126,142
Germany,12/6/20,1194550,10910,157
Germany,12/7/20,1200006,5456,167
Germany,12/8/20,1229269,29263,156
Germany,12/9/20,1254358,25089,161
Germany,12/10/20,1287092,32734,164
Germany,12/11/20,1314309,27217,175
Germany,12/12/20,1336101,21792,188
Germany,12/13/20,1350810,14709,183
Germany,12/14/20,1357261,6451,187
Germany,12/15/20,1391086,33825,189
Germany,12/16/20,1423830,32744,194
Germany,12/17/20,1454009,30179,203
Germany,12/18/20,1486839,32830,200
Germany,12/19/20,1508518,21679,207
Germany,12/20/20,1514962,6444,207
Germany,12/21/20,1534218,19256,197
Germany,12/22/20,1570371,36153,212
Germany,12/23/20,1604129,33758,215
Germany,12/24/20,1630596,26467,216
Germany,12/25/20,1632736,2140,212
Germany,12/26/20,1646240,13504,175
Germany,12/27/20,1658639,12399,165
Germany,12/28/20,1672643,14004,172
Germany,12/29/20,1692109,19466,166
Germany,12/30/20,1741153,49044,146
Germany,12/31/20,1760520,19367,164
Germany,1/1/21,1762637,2117,156
Germany,1/2/21,1773540,10903,156
Germany,1/3/21,1783896,10356,153
Germany,1/4/21,1796216,12320,150
Germany,1/5/21,1814565,18349,148
Germany,1/6/21,1841228,26663,147
Germany,1/7/21,1886561,45333,120
Germany,1/8/21,1905638,19077,151
Germany,1/9/21,1928462,22824,172
Germany,1/10/21,1929410,948,186
Germany,1/11/21,1941116,11706,175
Germany,1/12/21,1968326,27210,174
Germany,1/13/21,1993892,25566,184
Germany,1/14/21,2015235,21343,183
Germany,1/15/21,2023828,8593,154
Germany,1/16/21,2038645,14817,142
Germany,1/17/21,2050129,11484,132
Germany,1/18/21,2059382,9253,145
Germany,1/19/21,2071615,12233,142
Germany,1/20/21,2100618,29003,124
Germany,1/21/21,2108895,8277,128
Germany,1/22/21,2125261,16366,112
Germany,1/23/21,2137691,12430,122
Germany,1/24/21,2147769,10078,119
Germany,1/25/21,2154656,6887,117
Germany,1/26/21,2164043,9387,114
Germany,1/27/21,2179679,15636,111
Germany,1/28/21,2194562,14883,95
Germany,1/29/21,2207393,12831,103
Germany,1/30/21,2224911,17518,98
Germany,1/31/21,2225659,748,104
Germany,2/1/21,2232327,6668,93
Germany,2/2/21,2240017,7690,93
Germany,2/3/21,2252504,12487,91
Germany,2/4/21,2265536,13032,87
Germany,2/5/21,2276371,10835,85
Germany,2/6/21,2285003,8632,82
Germany,2/7/21,2291673,6670,72
Italy,1/22/20,0,0,0
Italy,1/23/20,0,0,0
Italy,1/24/20,0,0,0
Italy,1/25/20,0,0,0
Italy,1/26/20,0,0,0
Italy,1/27/20,0,0,0
Italy,1/28/20,0,0,0
Italy,1/29/20,0,0,0
Italy,1/30/20,0,0,0
Italy,1/31/20,2,2,0
Italy,2/1/20,2,0,0
Italy,2/2/20,2,0,0
Italy,2/3/20,2,0,0
Italy,2/4/20,2,0,0
Italy,2/5/20,2,0,0
Italy,2/6/20,2,0,0
Italy,2/7/20,3,1,0
Italy,2/8/20,3,0,0
Italy,2/9/20,3,0,0
Italy,2/10/20,3,0,0
Italy,2/11/20,3,0,0
Italy,2/12/20,3,0,0
Italy,2/13/20,3,0,0
Italy,2/14/20,3,0,0
Italy,2/15/20,3,0,0
Italy,2/16/20,3,0,0
Italy,2/17/20,3,0,0
Italy,2/18/20,3,0,0
Italy,2/19/20,3,0,0
Italy,2/20/20,3,0,0
Italy,2/21/20,20,17,0
Italy,2/22/20,62,42,0
Italy,2/23/20,155,93,0
Italy,2/24/20,229,74,0
Italy,2/25/20,322,93,0
Italy,2/26/20,453,131,0
Italy,2/27/20,655,202,0
Italy,2/28/20,888,233,1
Italy,2/29/20,1128,240,1
Italy,3/1/20,1694,566,1
Italy,3/2/20,2036,342,2
Italy,3/3/20,2502,466,2
Italy,3/4/20,3089,587,3
Italy,3/5/20,3858,769,4
Italy,3/6/20,4636,778,5
Italy,3/7/20,5883,1247,6
Italy,3/8/20,7375,1492,7
Italy,3/9/20,9172,1797,9
Italy,3/10/20,10149,977,11
Italy,3/11/20,12462,2313,12
Italy,3/12/20,15113,2651,15
Italy,3/13/20,17660,2547,18
Italy,3/14/20,21157,3497,21
Italy,3/15/20,24747,3590,25
Italy,3/16/20,27980,3233,28
Italy,3/17/20,31506,3526,31
Italy,3/18/20,35713,4207,35
Italy,3/19/20,41035,5322,38
Italy,3/20/20,47021,5986,42
Italy,3/21/20,53578,6557,48
Italy,3/22/20,59138,5560,53
Italy,3/23/20,63927,4789,57
Italy,3/24/20,69176,5249,59
Italy,3/25/20,74386,5210,62
Italy,3/26/20,80589,6203,64
Italy,3/27/20,86498,5909,65
Italy,3/28/20,92472,5974,65
Italy,3/29/20,97689,5217,64
Italy,3/30/20,101739,4050,63
Italy,3/31/20,105792,4053,62
Italy,4/1/20,110574,4782,60
Italy,4/2/20,115242,4668,60
Italy,4/3/20,119827,4585,57
Italy,4/4/20,124632,4805,55
Italy,4/5/20,128948,4316,53
Italy,4/6/20,132547,3599,51
Italy,4/7/20,135586,3039,51
Italy,4/8/20,139422,3836,49
Italy,4/9/20,143626,4204,47
Italy,4/10/20,147577,3951,47
Italy,4/11/20,152271,4694,46
Italy,4/12/20,156363,4092,45
Italy,4/13/20,159516,3153,45
Italy,4/14/20,162488,2972,44
Italy,4/15/20,165155,2667,44
Italy,4/16/20,168941,3786,42
Italy,4/17/20,172434,3493,41
Italy,4/18/20,175925,3491,41
Italy,4/19/20,178972,3047,39
Italy,4/20/20,181228,2256,37
Italy,4/21/20,183957,2729,36
Italy,4/22/20,187327,3370,35
Italy,4/23/20,189973,2646,36
Italy,4/24/20,192994,3021,34
Italy,4/25/20,195351,2357,34
Italy,4/26/20,197675,2324,32
Italy,4/27/20,199414,1739,31
Italy,4/28/20,201505,2091,30
Italy,4/29/20,203591,2086,29
Italy,4/30/20,205463,1872,26
Italy,5/1/20,207428,1965,25
Italy,5/2/20,209328,1900,23
Italy,5/3/20,210717,1389,23
Italy,5/4/20,211938,1221,21
Italy,5/5/20,213013,1075,20
Italy,5/6/20,214457,1444,19
Italy,5/7/20,215858,1401,18
Italy,5/8/20,217185,1327,17
Italy,5/9/20,218268,1083,16
Italy,5/10/20,219070,802,14
Italy,5/11/20,219814,744,13
Italy,5/12/20,221216,1402,13
Italy,5/13/20,222104,888,13
Italy,5/14/20,223096,992,12
Italy,5/15/20,223885,789,12
Italy,5/16/20,224760,875,11
Italy,5/17/20,225435,675,10
Italy,5/18/20,225886,451,10
Italy,5/19/20,226699,813,10
Italy,5/20/20,227364,665,9
Italy,5/21/20,228006,642,8
Italy,5/22/20,228658,652,8
Italy,5/23/20,229327,669,7
Italy,5/24/20,229858,531,7
Italy,5/25/20,230158,300,7
Italy,5/26/20,230555,397,7
Italy,5/27/20,231139,584,6
Italy,5/28/20,231732,593,6
Italy,5/29/20,232248,516,6
Italy,5/30/20,232664,416,5
Italy,5/31/20,232997,333,5
Italy,6/1/20,233197,200,5
Italy,6/2/20,233515,318,5
Italy,6/3/20,233836,321,4
Italy,6/4/20,234013,177,4
Italy,6/5/20,234531,518,3
Italy,6/6/20,234801,270,3
Italy,6/7/20,234998,197,3
Italy,6/8/20,235278,280,3
Italy,6/9/20,235561,283,3
Italy,6/10/20,235763,202,3
Italy,6/11/20,236142,379,3
Italy,6/12/20,236305,163,3
Italy,6/13/20,236651,346,2
Italy,6/14/20,236989,338,3
Italy,6/15/20,237290,301,3
Italy,6/16/20,237500,210,3
Italy,6/17/20,237828,328,3
Italy,6/18/20,238159,331,3
Italy,6/19/20,238011,-148,3
Italy,6/20/20,238275,264,2
Italy,6/21/20,238499,224,2
Italy,6/22/20,238720,221,2
Italy,6/23/20,238833,113,2
Italy,6/24/20,239410,577,2
Italy,6/25/20,239706,296,2
Italy,6/26/20,239961,255,2
Italy,6/27/20,240136,175,3
Italy,6/28/20,240310,174,3
Italy,6/29/20,240436,126,3
Italy,6/30/20,240578,142,2
Italy,7/1/20,240760,182,2
Italy,7/2/20,240961,201,2
Italy,7/3/20,241184,223,2
Italy,7/4/20,241419,235,2
Italy,7/5/20,241611,192,2
Italy,7/6/20,241819,208,2
Italy,7/7/20,241956,137,2
Italy,7/8/20,242149,193,2
Italy,7/9/20,242363,214,2
Italy,7/10/20,242639,276,2
Italy,7/11/20,242827,188,2
Italy,7/12/20,243061,234,2
Italy,7/13/20,243230,169,2
Italy,7/14/20,243344,114,2
Italy,7/15/20,243506,162,2
Italy,7/16/20,243736,230,2
Italy,7/17/20,243967,231,2
Italy,7/18/20,244216,249,2
Italy,7/19/20,244434,218,2
Italy,7/20/20,244624,190,2
Italy,7/21/20,244752,128,2
Italy,7/22/20,245032,280,2
Italy,7/23/20,245338,306,2
Italy,7/24/20,245590,252,2
Italy,7/25/20,245864,274,2
Italy,7/26/20,246118,254,2
Italy,7/27/20,246286,168,2
Italy,7/28/20,246488,202,2
Italy,7/29/20,246776,288,2
Italy,7/30/20,247158,382,2
Italy,7/31/20,247537,379,3
Italy,8/1/20,247832,295,3
Italy,8/2/20,248070,238,3
Italy,8/3/20,248229,159,3
Italy,8/4/20,248419,190,3
Italy,8/5/20,248803,384,3
Italy,8/6/20,249204,401,3
Italy,8/7/20,249756,552,3
Italy,8/8/20,250103,347,3
Italy,8/9/20,250566,463,3
Italy,8/10/20,250825,259,4
Italy,8/11/20,251237,412,4
Italy,8/12/20,251713,476,4
Italy,8/13/20,252235,522,4
Italy,8/14/20,252809,574,5
Italy,8/15/20,253438,629,5
Italy,8/16/20,253915,477,5
Italy,8/17/20,254235,320,5
Italy,8/18/20,254636,401,5
Italy,8/19/20,255278,642,5
Italy,8/20/20,256118,840,5
Italy,8/21/20,257065,947,6
Italy,8/22/20,258136,1071,7
Italy,8/23/20,259345,1209,7
Italy,8/24/20,260298,953,9
Italy,8/25/20,261174,876,10
Italy,8/26/20,262540,1366,10
Italy,8/27/20,263949,1409,12
Italy,8/28/20,265409,1460,12
Italy,8/29/20,266853,1444,13
Italy,8/30/20,268218,1365,14
Italy,8/31/20,269214,996,14
Italy,9/1/20,270189,975,14
Italy,9/2/20,271515,1326,14
Italy,9/3/20,272912,1397,14
Italy,9/4/20,274644,1732,14
Italy,9/5/20,276338,1694,15
Italy,9/6/20,277634,1296,15
Italy,9/7/20,278784,1150,15
Italy,9/8/20,280153,1369,15
Italy,9/9/20,281583,1430,16
Italy,9/10/20,283180,1597,16
Italy,9/11/20,284796,1616,17
Italy,9/12/20,286297,1501,16
Italy,9/13/20,287753,1456,16
Italy,9/14/20,288761,1008,16
Italy,9/15/20,289990,1229,16
Italy,9/16/20,291442,1452,16
Italy,9/17/20,293025,1583,16
Italy,9/18/20,294932,1907,16
Italy,9/19/20,296569,1637,16
Italy,9/20/20,298156,1587,17
Italy,9/21/20,299506,1350,17
Italy,9/22/20,300897,1391,17
Italy,9/23/20,302537,1640,18
Italy,9/24/20,304323,1786,18
Italy,9/25/20,306235,1912,18
Italy,9/26/20,308104,1869,18
Italy,9/27/20,309870,1766,19
Italy,9/28/20,311364,1494,19
Italy,9/29/20,313011,1647,19
Italy,9/30/20,314861,1850,20
Italy,10/1/20,317409,2548,20
Italy,10/2/20,319908,2499,21
Italy,10/3/20,322751,2843,22
Italy,10/4/20,325329,2578,24
Italy,10/5/20,327586,2257,25
Italy,10/6/20,330263,2677,26
Italy,10/7/20,333940,3677,28
Italy,10/8/20,338398,4458,31
Italy,10/9/20,343770,5372,34
Italy,10/10/20,349494,5724,39
Italy,10/11/20,354950,5456,44
Italy,10/12/20,359569,4619,49
Italy,10/13/20,365467,5898,53
Italy,10/14/20,372799,7332,58
Italy,10/15/20,381602,8803,64
Italy,10/16/20,391611,10009,71
Italy,10/17/20,402536,10925,79
Italy,10/18/20,414241,11705,87
Italy,10/19/20,423578,9337,98
Italy,10/20/20,434449,10871,106
Italy,10/21/20,449648,15199,114
Italy,10/22/20,465726,16078,127
Italy,10/23/20,484869,19143,139
Italy,10/24/20,504509,19640,154
Italy,10/25/20,525782,21273,169
Italy,10/26/20,542789,17007,184
Italy,10/27/20,564778,21989,197
Italy,10/28/20,589766,24988,216
Italy,10/29/20,616595,26829,232
Italy,10/30/20,647674,31079,250
Italy,10/31/20,679430,31756,270
Italy,11/1/20,709335,29905,290
Italy,11/2/20,731588,22253,304
Italy,11/3/20,759829,28241,313
Italy,11/4/20,790377,30548,323
Italy,11/5/20,824879,34502,332
Italy,11/6/20,862681,37802,345
Italy,11/7/20,902490,39809,356
Italy,11/8/20,935104,32614,369
Italy,11/9/20,960373,25269,374
Italy,11/10/20,995463,35090,379
Italy,11/11/20,1028424,32961,390
Italy,11/12/20,1066401,37977,394
Italy,11/13/20,1107303,40902,400
Italy,11/14/20,1144552,37249,405
Italy,11/15/20,1178529,33977,401
Italy,11/16/20,1205881,27352,403
Italy,11/17/20,1238072,32191,407
Italy,11/18/20,1272352,34280,402
Italy,11/19/20,1308528,36176,404
Italy,11/20/20,1345767,37239,401
Italy,11/21/20,1380531,34764,395
Italy,11/22/20,1408868,28337,391
Italy,11/23/20,1431795,22927,382
Italy,11/24/20,1455022,23227,374
Italy,11/25/20,1480874,25852,359
Italy,11/26/20,1509875,29001,345
Italy,11/27/20,1538217,28342,333
Italy,11/28/20,1564532,26315,319
Italy,11/29/20,1585178,20646,305
Italy,11/30/20,1601554,16376,292
Italy,12/1/20,1620901,19347,281
Italy,12/2/20,1641610,20709,275
Italy,12/3/20,1664829,23219,266
Italy,12/4/20,1688939,24110,256
Italy,12/5/20,1709991,21052,249
Italy,12/6/20,1728878,18887,241
Italy,12/7/20,1742557,13679,238
Italy,12/8/20,1757394,14837,233
Italy,12/9/20,1770149,12755,226
Italy,12/10/20,1787147,16998,213
Italy,12/11/20,1805873,18726,202
Italy,12/12/20,1825775,19902,193
Italy,12/13/20,1843712,17937,192
Italy,12/14/20,1855737,12025,190
Italy,12/15/20,1870576,14839,187
Italy,12/16/20,1888144,17568,187
Italy,12/17/20,1906377,18233,195
Italy,12/18/20,1921778,15401,197
Italy,12/19/20,1938083,16305,192
Italy,12/20/20,1953185,15102,186
Italy,12/21/20,1964054,10869,181
Italy,12/22/20,1977370,13316,179
Italy,12/23/20,1991278,13908,177
Italy,12/24/20,2009317,18039,171
Italy,12/25/20,2028354,19037,170
Italy,12/26/20,2038759,10405,176
Italy,12/27/20,2047696,8937,166
Italy,12/28/20,2056277,8581,156
Italy,12/29/20,2067487,11210,152
Italy,12/30/20,2083689,16202,149
Italy,12/31/20,2107166,23477,153
Italy,1/1/21,2129376,22210,162
Italy,1/2/21,2141201,11825,167
Italy,1/3/21,2155446,14245,169
Italy,1/4/21,2166244,10798,178
Italy,1/5/21,2181619,15375,182
Italy,1/6/21,2201945,20326,189
Italy,1/7/21,2220361,18416,196
Italy,1/8/21,2237890,17529,187
Italy,1/9/21,2257866,19976,179
Italy,1/10/21,2276491,18625,193
Italy,1/11/21,2289021,12530,200
Italy,1/12/21,2303263,14242,203
Italy,1/13/21,2319036,15773,201
Italy,1/14/21,2336279,17243,194
Italy,1/15/21,2352423,16144,192
Italy,1/16/21,2368733,16310,189
Italy,1/17/21,2381277,12544,183
Italy,1/18/21,2390102,8825,173
Italy,1/19/21,2400598,10496,167
Italy,1/20/21,2414166,13568,161
Italy,1/21/21,2428221,14055,157
Italy,1/22/21,2441854,13633,152
Italy,1/23/21,2455185,13331,148
Italy,1/24/21,2466813,11628,143
Italy,1/25/21,2475372,8559,141
Italy,1/26/21,2485956,10584,141
Italy,1/27/21,2501147,15191,141
Italy,1/28/21,2515507,14360,144
Italy,1/29/21,2529070,13563,144
Italy,1/30/21,2541783,12713,144
Italy,1/31/21,2553032,11249,143
Italy,2/1/21,2560957,7925,142
Italy,2/2/21,2570608,9651,141
Italy,2/3/21,2583790,13182,140
Italy,2/4/21,2597446,13656,137
Italy,2/5/21,2611659,14213,135
Italy,2/6/21,2625098,13439,136
Italy,2/7/21,2636738,11640,138
USA,1/22/20,1,1,0
USA,1/23/20,1,0,0
USA,1/24/20,2,1,0
USA,1/25/20,2,0,0
USA,1/26/20,5,3,0
USA,1/27/20,5,0,0
USA,1/28/20,5,0,0
USA,1/29/20,6,1,0
USA,1/30/20,6,0,0
USA,1/31/20,8,2,0
USA,2/1/20,8,0,0
USA,2/2/20,8,0,0
USA,2/3/20,11,3,0
USA,2/4/20,11,0,0
USA,2/5/20,11,0,0
USA,2/6/20,12,1,0
USA,2/7/20,12,0,0
USA,2/8/20,12,0,0
USA,2/9/20,12,0,0
USA,2/10/20,12,0,0
USA,2/11/20,13,1,0
USA,2/12/20,13,0,0
USA,2/13/20,14,1,0
USA,2/14/20,14,0,0
USA,2/15/20,14,0,0
USA,2/16/20,14,0,0
USA,2/17/20,14,0,0
USA,2/18/20,14,0,0
USA,2/19/20,14,0,0
USA,2/20/20,14,0,0
USA,2/21/20,16,2,0
USA,2/22/20,16,0,0
USA,2/23/20,16,0,0
USA,2/24/20,16,0,0
USA,2/25/20,16,0,0
USA,2/26/20,16,0,0
USA,2/27/20,17,1,0
USA,2/28/20,17,0,0
USA,2/29/20,25,8,0
USA,3/1/20,32,7,0
USA,3/2/20,55,23,0
USA,3/3/20,74,19,0
USA,3/4/20,107,33,0
USA,3/5/20,184,77,0
USA,3/6/20,237,53,0
USA,3/7/20,403,166,0
USA,3/8/20,519,116,0
USA,3/9/20,594,75,0
USA,3/10/20,782,188,0
USA,3/11/20,1147,365,0
USA,3/12/20,1586,439,0
USA,3/13/20,2219,633,0
USA,3/14/20,2978,759,0
USA,3/15/20,3212,234,0
USA,3/16/20,4679,1467,0
USA,3/17/20,6512,1833,1
USA,3/18/20,9169,2657,1
USA,3/19/20,13663,4494,2
USA,3/20/20,20030,6367,3
USA,3/21/20,26025,5995,5
USA,3/22/20,34898,8873,7
USA,3/23/20,46136,11238,9
USA,3/24/20,56755,10619,12
USA,3/25/20,68837,12082,15
USA,3/26/20,86693,17856,18
USA,3/27/20,105383,18690,22
USA,3/28/20,125013,19630,26
USA,3/29/20,143912,18899,30
USA,3/30/20,165987,22075,33
USA,3/31/20,192301,26314,36
USA,4/1/20,224544,32243,41
USA,4/2/20,256779,32235,47
USA,4/3/20,289066,32287,51
USA,4/4/20,321482,32416,55
USA,4/5/20,351359,29877,59
USA,4/6/20,382740,31381,63
USA,4/7/20,413507,30767,66
USA,4/8/20,444699,31192,67
USA,4/9/20,480640,35941,67
USA,4/10/20,515055,34415,68
USA,4/11/20,544185,29130,68
USA,4/12/20,571440,27255,67
USA,4/13/20,598370,26930,67
USA,4/14/20,627151,28781,65
USA,4/15/20,652591,25440,65
USA,4/16/20,682626,30035,63
USA,4/17/20,715656,33030,61
USA,4/18/20,743588,27932,61
USA,4/19/20,769684,26096,60
USA,4/20/20,799512,29828,60
USA,4/21/20,825429,25917,61
USA,4/22/20,854288,28859,60
USA,4/23/20,887858,33570,61
USA,4/24/20,920185,32327,62
USA,4/25/20,950580,30395,62
USA,4/26/20,977081,26501,63
USA,4/27/20,1000784,23703,63
USA,4/28/20,1025361,24577,61
USA,4/29/20,1051799,26438,60
USA,4/30/20,1081019,29220,60
USA,5/1/20,1115945,34926,58
USA,5/2/20,1143295,27350,59
USA,5/3/20,1167592,24297,58
USA,5/4/20,1191677,24085,58
USA,5/5/20,1216208,24531,58
USA,5/6/20,1240767,24559,58
USA,5/7/20,1268179,27412,57
USA,5/8/20,1295017,26838,57
USA,5/9/20,1320153,25136,54
USA,5/10/20,1339020,18867,53
USA,5/11/20,1358291,19271,52
USA,5/12/20,1381238,22947,50
USA,5/13/20,1401646,20408,50
USA,5/14/20,1428464,26818,49
USA,5/15/20,1453211,24747,48
USA,5/16/20,1477370,24159,48
USA,5/17/20,1495733,18363,47
USA,5/18/20,1518123,22390,47
USA,5/19/20,1539130,21007,48
USA,5/20/20,1561827,22697,48
USA,5/21/20,1587593,25766,48
USA,5/22/20,1611249,23656,48
USA,5/23/20,1632361,21112,48
USA,5/24/20,1652428,20067,47
USA,5/25/20,1671100,18672,47
USA,5/26/20,1690750,19650,46
USA,5/27/20,1709299,18549,46
USA,5/28/20,1731621,22322,44
USA,5/29/20,1756093,24472,43
USA,5/30/20,1779726,23633,44
USA,5/31/20,1798713,18987,44
USA,6/1/20,1816148,17435,44
USA,6/2/20,1837651,21503,44
USA,6/3/20,1857495,19844,44
USA,6/4/20,1879144,21649,45
USA,6/5/20,1904544,25400,44
USA,6/6/20,1925704,21160,45
USA,6/7/20,1943620,17916,44
USA,6/8/20,1961257,17637,44
USA,6/9/20,1979639,18382,44
USA,6/10/20,2000749,21110,43
USA,6/11/20,2023881,23132,43
USA,6/12/20,2048746,24865,44
USA,6/13/20,2073954,25208,43
USA,6/14/20,2092902,18948,45
USA,6/15/20,2112721,19819,45
USA,6/16/20,2136391,23670,46
USA,6/17/20,2163449,27058,47
USA,6/18/20,2191971,28522,49
USA,6/19/20,2223531,31560,51
USA,6/20/20,2255800,32269,53
USA,6/21/20,2280946,25146,55
USA,6/22/20,2313093,32147,57
USA,6/23/20,2350156,37063,61
USA,6/24/20,2386014,35858,65
USA,6/25/20,2426329,40315,67
USA,6/26/20,2472311,45982,71
USA,6/27/20,2513651,41340,75
USA,6/28/20,2554376,40725,78
USA,6/29/20,2595655,41279,83
USA,6/30/20,2642081,46426,86
USA,7/1/20,2693890,51809,88
USA,7/2/20,2750517,56627,93
USA,7/3/20,2801874,51357,98
USA,7/4/20,2847553,45679,100
USA,7/5/20,2898322,50769,101
USA,7/6/20,2941394,43072,104
USA,7/7/20,3002036,60642,105
USA,7/8/20,3062146,60110,109
USA,7/9/20,3124633,62487,112
USA,7/10/20,3192672,68039,113
USA,7/11/20,3252687,60015,119
USA,7/12/20,3311137,58450,123
USA,7/13/20,3370026,58889,125
USA,7/14/20,3438038,68012,130
USA,7/15/20,3506145,68107,132
USA,7/16/20,3581954,75809,135
USA,7/17/20,3654203,72249,139
USA,7/18/20,3716740,62537,140
USA,7/19/20,3777211,60471,141
USA,7/20/20,3839293,62082,141
USA,7/21/20,3903780,64487,142
USA,7/22/20,3974341,70561,141
USA,7/23/20,4042769,68428,142
USA,7/24/20,4116070,73301,140
USA,7/25/20,4180969,64899,140
USA,7/26/20,4235816,54847,141
USA,7/27/20,4292554,56738,139
USA,7/28/20,4359003,66449,138
USA,7/29/20,4430816,71813,138
USA,7/30/20,4498234,67418,139
USA,7/31/20,4566931,68697,138
USA,8/1/20,4623105,56174,137
USA,8/2/20,4668652,45547,134
USA,8/3/20,4714173,45521,131
USA,8/4/20,4772945,58772,128
USA,8/5/20,4827393,54448,126
USA,8/6/20,4886727,59334,120
USA,8/7/20,4945996,59269,118
USA,8/8/20,5000107,54111,115
USA,8/9/20,5045855,45748,114
USA,8/10/20,5093475,47620,114
USA,8/11/20,5141430,47955,115
USA,8/12/20,5197413,55983,112
USA,8/13/20,5248690,51277,112
USA,8/14/20,5314012,65322,110
USA,8/15/20,5360914,46902,112
USA,8/16/20,5400103,39189,109
USA,8/17/20,5436757,36654,107
USA,8/18/20,5481755,44998,104
USA,8/19/20,5529102,47347,103
USA,8/20/20,5572890,43788,101
USA,8/21/20,5621596,48706,98
USA,8/22/20,5664641,43045,93
USA,8/23/20,5698902,34261,92
USA,8/24/20,5735502,36600,91
USA,8/25/20,5775618,40116,91
USA,8/26/20,5820908,45290,89
USA,8/27/20,5866093,45185,88
USA,8/28/20,5913046,46953,89
USA,8/29/20,5955722,42676,88
USA,8/30/20,5990118,34396,88
USA,8/31/20,6025593,35475,88
USA,9/1/20,6067260,41667,88
USA,9/2/20,6108200,40940,88
USA,9/3/20,6152285,44085,87
USA,9/4/20,6202700,50415,87
USA,9/5/20,6245682,42982,88
USA,9/6/20,6276981,31299,88
USA,9/7/20,6300449,23468,87
USA,9/8/20,6327884,27435,83
USA,9/9/20,6361638,33754,79
USA,9/10/20,6397758,36120,77
USA,9/11/20,6445407,47649,74
USA,9/12/20,6486484,41077,73
USA,9/13/20,6520750,34266,73
USA,9/14/20,6555127,34377,74
USA,9/15/20,6594554,39427,77
USA,9/16/20,6633389,38835,81
USA,9/17/20,6678579,45190,82
USA,9/18/20,6727725,49146,85
USA,9/19/20,6769847,42122,86
USA,9/20/20,6808147,38300,86
USA,9/21/20,6860061,51914,87
USA,9/22/20,6899723,39662,92
USA,9/23/20,6938731,39008,92
USA,9/24/20,6985760,47029,93
USA,9/25/20,7033944,48184,93
USA,9/26/20,7078562,44618,93
USA,9/27/20,7116078,37516,94
USA,9/28/20,7149281,33203,93
USA,9/29/20,7192498,43217,88
USA,9/30/20,7231832,39334,89
USA,10/1/20,7277418,45586,89
USA,10/2/20,7332238,54820,88
USA,10/3/20,7380797,48559,90
USA,10/4/20,7416539,35742,92
USA,10/5/20,7455962,39423,91
USA,10/6/20,7501009,45047,93
USA,10/7/20,7551949,50940,93
USA,10/8/20,7610451,58502,97
USA,10/9/20,7666716,56265,101
USA,10/10/20,7721622,54906,101
USA,10/11/20,7767500,45878,103
USA,10/12/20,7809362,41862,106
USA,10/13/20,7861469,52107,107
USA,10/14/20,7921089,59620,109
USA,10/15/20,7985864,64775,112
USA,10/16/20,8054907,69043,114
USA,10/17/20,8111563,56656,118
USA,10/18/20,8160870,49307,118
USA,10/19/20,8228585,67715,119
USA,10/20/20,8290408,61823,127
USA,10/21/20,8353581,63173,130
USA,10/22/20,8429792,76211,131
USA,10/23/20,8511514,81722,135
USA,10/24/20,8594218,82704,139
USA,10/25/20,8656238,62020,147
USA,10/26/20,8723553,67315,150
USA,10/27/20,8800136,76583,150
USA,10/28/20,8879326,79190,155
USA,10/29/20,8970125,90799,160
USA,10/30/20,9069103,98978,164
USA,10/31/20,9158771,89668,169
USA,11/1/20,9263564,104793,171
USA,11/2/20,9348673,85109,185
USA,11/3/20,9475593,126920,190
USA,11/4/20,9579978,104385,205
USA,11/5/20,9709076,129098,213
USA,11/6/20,9836826,127750,225
USA,11/7/20,9964034,127208,233
USA,11/8/20,10079115,115081,245
USA,11/9/20,10199575,120460,248
USA,11/10/20,10339806,140231,259
USA,11/11/20,10486184,146378,263
USA,11/12/20,10650570,164386,276
USA,11/13/20,10830756,180186,286
USA,11/14/20,10998298,167542,302
USA,11/15/20,11134448,136150,315
USA,11/16/20,11296951,162503,321
USA,11/17/20,11460388,163437,334
USA,11/18/20,11633255,172867,341
USA,11/19/20,11824408,191153,349
USA,11/20/20,12022364,197956,357
USA,11/21/20,12201487,179123,363
USA,11/22/20,12348137,146650,366
USA,11/23/20,12522119,173982,369
USA,11/24/20,12697162,175043,373
USA,11/25/20,12879847,182685,376
USA,11/26/20,12991459,111612,379
USA,11/27/20,13199466,208007,355
USA,11/28/20,13354901,155435,358
USA,11/29/20,13494948,140047,351
USA,11/30/20,13655181,160233,349
USA,12/1/20,13842693,187512,345
USA,12/2/20,14044565,201872,348
USA,12/3/20,14266847,222282,354
USA,12/4/20,14498883,232036,388
USA,12/5/20,14713624,214741,395
USA,12/6/20,14894418,180794,413
USA,12/7/20,15089009,194591,426
USA,12/8/20,15312876,223867,436
USA,12/9/20,15534536,221660,447
USA,12/10/20,15765165,230629,453
USA,12/11/20,16003837,238672,456
USA,12/12/20,16220250,216413,458
USA,12/13/20,16407679,187429,459
USA,12/14/20,16600830,193151,461
USA,12/15/20,16810019,209189,460
USA,12/16/20,17055759,245740,456
USA,12/17/20,17294836,239077,463
USA,12/18/20,17545869,251033,466
USA,12/19/20,17737484,191615,469
USA,12/20/20,17925033,187549,462
USA,12/21/20,18123641,198608,462
USA,12/22/20,18320881,197240,463
USA,12/23/20,18549642,228761,460
USA,12/24/20,18742803,193161,455
USA,12/25/20,18839532,96729,441
USA,12/26/20,19066376,226844,394
USA,12/27/20,19222064,155688,404
USA,12/28/20,19396237,174173,395
USA,12/29/20,19595117,198880,387
USA,12/30/20,19827133,232016,388
USA,12/31/20,20061049,233916,389
USA,1/1/21,20213393,152344,401
USA,1/2/21,20513675,300282,418
USA,1/3/21,20722231,208556,440
USA,1/4/21,20906021,183790,457
USA,1/5/21,21139547,233526,459
USA,1/6/21,21393464,253917,470
USA,1/7/21,21670202,276738,477
USA,1/8/21,21962246,292044,490
USA,1/9/21,22224220,261974,532
USA,1/10/21,22437501,213281,521
USA,1/11/21,22651464,213963,522
USA,1/12/21,22877702,226238,531
USA,1/13/21,23107573,229871,529
USA,1/14/21,23342548,234975,522
USA,1/15/21,23583255,240707,509
USA,1/16/21,23784019,200764,493
USA,1/17/21,23961423,177404,475
USA,1/18/21,24104028,142605,464
USA,1/19/21,24281012,176984,442
USA,1/20/21,24463591,182579,427
USA,1/21/21,24656646,193055,413
USA,1/22/21,24846678,190032,400
USA,1/23/21,25016816,170138,384
USA,1/24/21,25147891,131075,375
USA,1/25/21,25298986,151095,361
USA,1/26/21,25445583,146597,364
USA,1/27/21,25598061,152478,354
USA,1/28/21,25766681,168620,345
USA,1/29/21,25932794,166113,338
USA,1/30/21,26074885,142091,330
USA,1/31/21,26186781,111896,322
USA,2/1/21,26321120,134339,316
USA,2/2/21,26435557,114437,311
USA,2/3/21,26557026,121469,301
USA,2/4/21,26680214,123188,292
USA,2/5/21,26813772,133558,278
USA,2/6/21,26917787,104015,268
USA,2/7/21,27005831,88044,256